<?xml version="1.0" encoding="UTF-8" standalone="no"?>
<Bundle SchemaVersion="5.0" IgnorableNamespaces="b4 b5" xmlns="http://schemas.microsoft.com/appx/2013/bundle" xmlns:b4="http://schemas.microsoft.com/appx/2018/bundle" xmlns:b5="http://schemas.microsoft.com/appx/2019/bundle">
	<Identity Name="Microsoft.Todos" Publisher="CN=Microsoft Corporation, O=Microsoft Corporation, L=Redmond, S=Washington, C=US" Version="2.52.42393.0"/>
	<Packages>
		<b5:Package Type="application" Version="0.52.42393.0" Architecture="arm" FileName="AppxMetadata\Stub\ToDoStub_0.52.42393.0_ARM.appx" Offset="78" Size="413696" IsStub="true">
			<b5:Resources>
				<b5:Resource Language="EN-US"/>
				<b5:Resource Language="EN"/>
				<b5:Resource Language="EN-GB"/>
				<b5:Resource Scale="200"/>
			</b5:Resources>
			<b4:Dependencies>
				<b4:TargetDeviceFamily Name="Windows.Universal" MinVersion="10.0.16299.0" MaxVersionTested="10.0.18362.0"/>
			</b4:Dependencies>
		</b5:Package>
		<b5:Package Type="resource" Version="0.52.42393.0" ResourceId="split.language-af" FileName="AppxMetadata\Stub\ToDoStub_0.52.42393.0_language-af.appx" Offset="413884" Size="10076" IsStub="true">
			<b5:Resources>
				<b5:Resource Language="af"/>
				<b5:Resource Language="af-za"/>
			</b5:Resources>
			<b4:Dependencies>
				<b4:TargetDeviceFamily Name="Windows.Universal" MinVersion="10.0.16299.0" MaxVersionTested="10.0.18362.0"/>
			</b4:Dependencies>
		</b5:Package>
		<b5:Package Type="resource" Version="0.52.42393.0" ResourceId="split.language-am" FileName="AppxMetadata\Stub\ToDoStub_0.52.42393.0_language-am.appx" Offset="424070" Size="10269" IsStub="true">
			<b5:Resources>
				<b5:Resource Language="am"/>
				<b5:Resource Language="am-et"/>
			</b5:Resources>
			<b4:Dependencies>
				<b4:TargetDeviceFamily Name="Windows.Universal" MinVersion="10.0.16299.0" MaxVersionTested="10.0.18362.0"/>
			</b4:Dependencies>
		</b5:Package>
		<b5:Package Type="resource" Version="0.52.42393.0" ResourceId="split.language-ar" FileName="AppxMetadata\Stub\ToDoStub_0.52.42393.0_language-ar.appx" Offset="434449" Size="10190" IsStub="true">
			<b5:Resources>
				<b5:Resource Language="ar"/>
				<b5:Resource Language="ar-sa"/>
			</b5:Resources>
			<b4:Dependencies>
				<b4:TargetDeviceFamily Name="Windows.Universal" MinVersion="10.0.16299.0" MaxVersionTested="10.0.18362.0"/>
			</b4:Dependencies>
		</b5:Package>
		<b5:Package Type="resource" Version="0.52.42393.0" ResourceId="split.language-be" FileName="AppxMetadata\Stub\ToDoStub_0.52.42393.0_language-be.appx" Offset="444749" Size="9731" IsStub="true">
			<b5:Resources>
				<b5:Resource Language="be"/>
			</b5:Resources>
			<b4:Dependencies>
				<b4:TargetDeviceFamily Name="Windows.Universal" MinVersion="10.0.16299.0" MaxVersionTested="10.0.18362.0"/>
			</b4:Dependencies>
		</b5:Package>
		<b5:Package Type="resource" Version="0.52.42393.0" ResourceId="split.language-bg" FileName="AppxMetadata\Stub\ToDoStub_0.52.42393.0_language-bg.appx" Offset="454590" Size="10321" IsStub="true">
			<b5:Resources>
				<b5:Resource Language="bg"/>
				<b5:Resource Language="bg-bg"/>
			</b5:Resources>
			<b4:Dependencies>
				<b4:TargetDeviceFamily Name="Windows.Universal" MinVersion="10.0.16299.0" MaxVersionTested="10.0.18362.0"/>
			</b4:Dependencies>
		</b5:Package>
		<b5:Package Type="resource" Version="0.52.42393.0" ResourceId="split.language-bn" FileName="AppxMetadata\Stub\ToDoStub_0.52.42393.0_language-bn.appx" Offset="465021" Size="10342" IsStub="true">
			<b5:Resources>
				<b5:Resource Language="bn-bd"/>
				<b5:Resource Language="bn-in"/>
			</b5:Resources>
			<b4:Dependencies>
				<b4:TargetDeviceFamily Name="Windows.Universal" MinVersion="10.0.16299.0" MaxVersionTested="10.0.18362.0"/>
			</b4:Dependencies>
		</b5:Package>
		<b5:Package Type="resource" Version="0.52.42393.0" ResourceId="split.language-bs" FileName="AppxMetadata\Stub\ToDoStub_0.52.42393.0_language-bs.appx" Offset="475473" Size="10124" IsStub="true">
			<b5:Resources>
				<b5:Resource Language="bs"/>
				<b5:Resource Language="bs-latn-ba"/>
			</b5:Resources>
			<b4:Dependencies>
				<b4:TargetDeviceFamily Name="Windows.Universal" MinVersion="10.0.16299.0" MaxVersionTested="10.0.18362.0"/>
			</b4:Dependencies>
		</b5:Package>
		<b5:Package Type="resource" Version="0.52.42393.0" ResourceId="split.language-ca" FileName="AppxMetadata\Stub\ToDoStub_0.52.42393.0_language-ca.appx" Offset="485707" Size="10374" IsStub="true">
			<b5:Resources>
				<b5:Resource Language="ca"/>
				<b5:Resource Language="ca-es"/>
				<b5:Resource Language="ca-es-valencia"/>
			</b5:Resources>
			<b4:Dependencies>
				<b4:TargetDeviceFamily Name="Windows.Universal" MinVersion="10.0.16299.0" MaxVersionTested="10.0.18362.0"/>
			</b4:Dependencies>
		</b5:Package>
		<b5:Package Type="resource" Version="0.52.42393.0" ResourceId="split.language-cs" FileName="AppxMetadata\Stub\ToDoStub_0.52.42393.0_language-cs.appx" Offset="496191" Size="10181" IsStub="true">
			<b5:Resources>
				<b5:Resource Language="cs"/>
				<b5:Resource Language="cs-cz"/>
			</b5:Resources>
			<b4:Dependencies>
				<b4:TargetDeviceFamily Name="Windows.Universal" MinVersion="10.0.16299.0" MaxVersionTested="10.0.18362.0"/>
			</b4:Dependencies>
		</b5:Package>
		<b5:Package Type="resource" Version="0.52.42393.0" ResourceId="split.language-da" FileName="AppxMetadata\Stub\ToDoStub_0.52.42393.0_language-da.appx" Offset="506482" Size="10117" IsStub="true">
			<b5:Resources>
				<b5:Resource Language="da"/>
				<b5:Resource Language="da-dk"/>
			</b5:Resources>
			<b4:Dependencies>
				<b4:TargetDeviceFamily Name="Windows.Universal" MinVersion="10.0.16299.0" MaxVersionTested="10.0.18362.0"/>
			</b4:Dependencies>
		</b5:Package>
		<b5:Package Type="resource" Version="0.52.42393.0" ResourceId="split.language-de" FileName="AppxMetadata\Stub\ToDoStub_0.52.42393.0_language-de.appx" Offset="516709" Size="10181" IsStub="true">
			<b5:Resources>
				<b5:Resource Language="de"/>
				<b5:Resource Language="de-de"/>
			</b5:Resources>
			<b4:Dependencies>
				<b4:TargetDeviceFamily Name="Windows.Universal" MinVersion="10.0.16299.0" MaxVersionTested="10.0.18362.0"/>
			</b4:Dependencies>
		</b5:Package>
		<b5:Package Type="resource" Version="0.52.42393.0" ResourceId="split.language-el" FileName="AppxMetadata\Stub\ToDoStub_0.52.42393.0_language-el.appx" Offset="527000" Size="10420" IsStub="true">
			<b5:Resources>
				<b5:Resource Language="el"/>
				<b5:Resource Language="el-gr"/>
			</b5:Resources>
			<b4:Dependencies>
				<b4:TargetDeviceFamily Name="Windows.Universal" MinVersion="10.0.16299.0" MaxVersionTested="10.0.18362.0"/>
			</b4:Dependencies>
		</b5:Package>
		<b5:Package Type="resource" Version="0.52.42393.0" ResourceId="split.language-es" FileName="AppxMetadata\Stub\ToDoStub_0.52.42393.0_language-es.appx" Offset="537530" Size="10376" IsStub="true">
			<b5:Resources>
				<b5:Resource Language="es"/>
				<b5:Resource Language="es-es"/>
				<b5:Resource Language="es-mx"/>
			</b5:Resources>
			<b4:Dependencies>
				<b4:TargetDeviceFamily Name="Windows.Universal" MinVersion="10.0.16299.0" MaxVersionTested="10.0.18362.0"/>
			</b4:Dependencies>
		</b5:Package>
		<b5:Package Type="resource" Version="0.52.42393.0" ResourceId="split.language-et" FileName="AppxMetadata\Stub\ToDoStub_0.52.42393.0_language-et.appx" Offset="548016" Size="10127" IsStub="true">
			<b5:Resources>
				<b5:Resource Language="et"/>
				<b5:Resource Language="et-ee"/>
			</b5:Resources>
			<b4:Dependencies>
				<b4:TargetDeviceFamily Name="Windows.Universal" MinVersion="10.0.16299.0" MaxVersionTested="10.0.18362.0"/>
			</b4:Dependencies>
		</b5:Package>
		<b5:Package Type="resource" Version="0.52.42393.0" ResourceId="split.language-eu" FileName="AppxMetadata\Stub\ToDoStub_0.52.42393.0_language-eu.appx" Offset="558253" Size="10099" IsStub="true">
			<b5:Resources>
				<b5:Resource Language="eu"/>
				<b5:Resource Language="eu-es"/>
			</b5:Resources>
			<b4:Dependencies>
				<b4:TargetDeviceFamily Name="Windows.Universal" MinVersion="10.0.16299.0" MaxVersionTested="10.0.18362.0"/>
			</b4:Dependencies>
		</b5:Package>
		<b5:Package Type="resource" Version="0.52.42393.0" ResourceId="split.language-fa" FileName="AppxMetadata\Stub\ToDoStub_0.52.42393.0_language-fa.appx" Offset="568462" Size="10297" IsStub="true">
			<b5:Resources>
				<b5:Resource Language="fa"/>
				<b5:Resource Language="fa-ir"/>
			</b5:Resources>
			<b4:Dependencies>
				<b4:TargetDeviceFamily Name="Windows.Universal" MinVersion="10.0.16299.0" MaxVersionTested="10.0.18362.0"/>
			</b4:Dependencies>
		</b5:Package>
		<b5:Package Type="resource" Version="0.52.42393.0" ResourceId="split.language-fi" FileName="AppxMetadata\Stub\ToDoStub_0.52.42393.0_language-fi.appx" Offset="578869" Size="10114" IsStub="true">
			<b5:Resources>
				<b5:Resource Language="fi"/>
				<b5:Resource Language="fi-fi"/>
			</b5:Resources>
			<b4:Dependencies>
				<b4:TargetDeviceFamily Name="Windows.Universal" MinVersion="10.0.16299.0" MaxVersionTested="10.0.18362.0"/>
			</b4:Dependencies>
		</b5:Package>
		<b5:Package Type="resource" Version="0.52.42393.0" ResourceId="split.language-fil-latn" FileName="AppxMetadata\Stub\ToDoStub_0.52.42393.0_language-fil-latn.appx" Offset="589099" Size="10143" IsStub="true">
			<b5:Resources>
				<b5:Resource Language="fil"/>
				<b5:Resource Language="fil-ph"/>
			</b5:Resources>
			<b4:Dependencies>
				<b4:TargetDeviceFamily Name="Windows.Universal" MinVersion="10.0.16299.0" MaxVersionTested="10.0.18362.0"/>
			</b4:Dependencies>
		</b5:Package>
		<b5:Package Type="resource" Version="0.52.42393.0" ResourceId="split.language-fr" FileName="AppxMetadata\Stub\ToDoStub_0.52.42393.0_language-fr.appx" Offset="599352" Size="10355" IsStub="true">
			<b5:Resources>
				<b5:Resource Language="fr"/>
				<b5:Resource Language="fr-ca"/>
				<b5:Resource Language="fr-fr"/>
			</b5:Resources>
			<b4:Dependencies>
				<b4:TargetDeviceFamily Name="Windows.Universal" MinVersion="10.0.16299.0" MaxVersionTested="10.0.18362.0"/>
			</b4:Dependencies>
		</b5:Package>
		<b5:Package Type="resource" Version="0.52.42393.0" ResourceId="split.language-gl" FileName="AppxMetadata\Stub\ToDoStub_0.52.42393.0_language-gl.appx" Offset="609817" Size="10150" IsStub="true">
			<b5:Resources>
				<b5:Resource Language="gl"/>
				<b5:Resource Language="gl-es"/>
			</b5:Resources>
			<b4:Dependencies>
				<b4:TargetDeviceFamily Name="Windows.Universal" MinVersion="10.0.16299.0" MaxVersionTested="10.0.18362.0"/>
			</b4:Dependencies>
		</b5:Package>
		<b5:Package Type="resource" Version="0.52.42393.0" ResourceId="split.language-ha-latn" FileName="AppxMetadata\Stub\ToDoStub_0.52.42393.0_language-ha-latn.appx" Offset="620082" Size="9586" IsStub="true">
			<b5:Resources>
				<b5:Resource Language="ha-latn-ng"/>
			</b5:Resources>
			<b4:Dependencies>
				<b4:TargetDeviceFamily Name="Windows.Universal" MinVersion="10.0.16299.0" MaxVersionTested="10.0.18362.0"/>
			</b4:Dependencies>
		</b5:Package>
		<b5:Package Type="resource" Version="0.52.42393.0" ResourceId="split.language-he" FileName="AppxMetadata\Stub\ToDoStub_0.52.42393.0_language-he.appx" Offset="629778" Size="10118" IsStub="true">
			<b5:Resources>
				<b5:Resource Language="he"/>
				<b5:Resource Language="he-il"/>
			</b5:Resources>
			<b4:Dependencies>
				<b4:TargetDeviceFamily Name="Windows.Universal" MinVersion="10.0.16299.0" MaxVersionTested="10.0.18362.0"/>
			</b4:Dependencies>
		</b5:Package>
		<b5:Package Type="resource" Version="0.52.42393.0" ResourceId="split.language-hi" FileName="AppxMetadata\Stub\ToDoStub_0.52.42393.0_language-hi.appx" Offset="640006" Size="10316" IsStub="true">
			<b5:Resources>
				<b5:Resource Language="hi"/>
				<b5:Resource Language="hi-in"/>
			</b5:Resources>
			<b4:Dependencies>
				<b4:TargetDeviceFamily Name="Windows.Universal" MinVersion="10.0.16299.0" MaxVersionTested="10.0.18362.0"/>
			</b4:Dependencies>
		</b5:Package>
		<b5:Package Type="resource" Version="0.52.42393.0" ResourceId="split.language-hr" FileName="AppxMetadata\Stub\ToDoStub_0.52.42393.0_language-hr.appx" Offset="650432" Size="10134" IsStub="true">
			<b5:Resources>
				<b5:Resource Language="hr"/>
				<b5:Resource Language="hr-hr"/>
			</b5:Resources>
			<b4:Dependencies>
				<b4:TargetDeviceFamily Name="Windows.Universal" MinVersion="10.0.16299.0" MaxVersionTested="10.0.18362.0"/>
			</b4:Dependencies>
		</b5:Package>
		<b5:Package Type="resource" Version="0.52.42393.0" ResourceId="split.language-hu" FileName="AppxMetadata\Stub\ToDoStub_0.52.42393.0_language-hu.appx" Offset="660676" Size="10260" IsStub="true">
			<b5:Resources>
				<b5:Resource Language="hu"/>
				<b5:Resource Language="hu-hu"/>
			</b5:Resources>
			<b4:Dependencies>
				<b4:TargetDeviceFamily Name="Windows.Universal" MinVersion="10.0.16299.0" MaxVersionTested="10.0.18362.0"/>
			</b4:Dependencies>
		</b5:Package>
		<b5:Package Type="resource" Version="0.52.42393.0" ResourceId="split.language-id" FileName="AppxMetadata\Stub\ToDoStub_0.52.42393.0_language-id.appx" Offset="671046" Size="10050" IsStub="true">
			<b5:Resources>
				<b5:Resource Language="id"/>
				<b5:Resource Language="id-id"/>
			</b5:Resources>
			<b4:Dependencies>
				<b4:TargetDeviceFamily Name="Windows.Universal" MinVersion="10.0.16299.0" MaxVersionTested="10.0.18362.0"/>
			</b4:Dependencies>
		</b5:Package>
		<b5:Package Type="resource" Version="0.52.42393.0" ResourceId="split.language-is" FileName="AppxMetadata\Stub\ToDoStub_0.52.42393.0_language-is.appx" Offset="681206" Size="10172" IsStub="true">
			<b5:Resources>
				<b5:Resource Language="is"/>
				<b5:Resource Language="is-is"/>
			</b5:Resources>
			<b4:Dependencies>
				<b4:TargetDeviceFamily Name="Windows.Universal" MinVersion="10.0.16299.0" MaxVersionTested="10.0.18362.0"/>
			</b4:Dependencies>
		</b5:Package>
		<b5:Package Type="resource" Version="0.52.42393.0" ResourceId="split.language-it" FileName="AppxMetadata\Stub\ToDoStub_0.52.42393.0_language-it.appx" Offset="691488" Size="10112" IsStub="true">
			<b5:Resources>
				<b5:Resource Language="it"/>
				<b5:Resource Language="it-it"/>
			</b5:Resources>
			<b4:Dependencies>
				<b4:TargetDeviceFamily Name="Windows.Universal" MinVersion="10.0.16299.0" MaxVersionTested="10.0.18362.0"/>
			</b4:Dependencies>
		</b5:Package>
		<b5:Package Type="resource" Version="0.52.42393.0" ResourceId="split.language-ja" FileName="AppxMetadata\Stub\ToDoStub_0.52.42393.0_language-ja.appx" Offset="701710" Size="10165" IsStub="true">
			<b5:Resources>
				<b5:Resource Language="ja"/>
				<b5:Resource Language="ja-jp"/>
			</b5:Resources>
			<b4:Dependencies>
				<b4:TargetDeviceFamily Name="Windows.Universal" MinVersion="10.0.16299.0" MaxVersionTested="10.0.18362.0"/>
			</b4:Dependencies>
		</b5:Package>
		<b5:Package Type="resource" Version="0.52.42393.0" ResourceId="split.language-kk" FileName="AppxMetadata\Stub\ToDoStub_0.52.42393.0_language-kk.appx" Offset="711985" Size="10354" IsStub="true">
			<b5:Resources>
				<b5:Resource Language="kk"/>
				<b5:Resource Language="kk-kz"/>
			</b5:Resources>
			<b4:Dependencies>
				<b4:TargetDeviceFamily Name="Windows.Universal" MinVersion="10.0.16299.0" MaxVersionTested="10.0.18362.0"/>
			</b4:Dependencies>
		</b5:Package>
		<b5:Package Type="resource" Version="0.52.42393.0" ResourceId="split.language-km" FileName="AppxMetadata\Stub\ToDoStub_0.52.42393.0_language-km.appx" Offset="722449" Size="10354" IsStub="true">
			<b5:Resources>
				<b5:Resource Language="km-kh"/>
			</b5:Resources>
			<b4:Dependencies>
				<b4:TargetDeviceFamily Name="Windows.Universal" MinVersion="10.0.16299.0" MaxVersionTested="10.0.18362.0"/>
			</b4:Dependencies>
		</b5:Package>
		<b5:Package Type="resource" Version="0.52.42393.0" ResourceId="split.language-kn" FileName="AppxMetadata\Stub\ToDoStub_0.52.42393.0_language-kn.appx" Offset="732913" Size="10354" IsStub="true">
			<b5:Resources>
				<b5:Resource Language="kn"/>
				<b5:Resource Language="kn-in"/>
			</b5:Resources>
			<b4:Dependencies>
				<b4:TargetDeviceFamily Name="Windows.Universal" MinVersion="10.0.16299.0" MaxVersionTested="10.0.18362.0"/>
			</b4:Dependencies>
		</b5:Package>
		<b5:Package Type="resource" Version="0.52.42393.0" ResourceId="split.language-ko" FileName="AppxMetadata\Stub\ToDoStub_0.52.42393.0_language-ko.appx" Offset="743377" Size="10208" IsStub="true">
			<b5:Resources>
				<b5:Resource Language="ko"/>
				<b5:Resource Language="ko-kr"/>
			</b5:Resources>
			<b4:Dependencies>
				<b4:TargetDeviceFamily Name="Windows.Universal" MinVersion="10.0.16299.0" MaxVersionTested="10.0.18362.0"/>
			</b4:Dependencies>
		</b5:Package>
		<b5:Package Type="resource" Version="0.52.42393.0" ResourceId="split.language-lo" FileName="AppxMetadata\Stub\ToDoStub_0.52.42393.0_language-lo.appx" Offset="753695" Size="10302" IsStub="true">
			<b5:Resources>
				<b5:Resource Language="lo"/>
				<b5:Resource Language="lo-la"/>
			</b5:Resources>
			<b4:Dependencies>
				<b4:TargetDeviceFamily Name="Windows.Universal" MinVersion="10.0.16299.0" MaxVersionTested="10.0.18362.0"/>
			</b4:Dependencies>
		</b5:Package>
		<b5:Package Type="resource" Version="0.52.42393.0" ResourceId="split.language-lt" FileName="AppxMetadata\Stub\ToDoStub_0.52.42393.0_language-lt.appx" Offset="764107" Size="10135" IsStub="true">
			<b5:Resources>
				<b5:Resource Language="lt"/>
				<b5:Resource Language="lt-lt"/>
			</b5:Resources>
			<b4:Dependencies>
				<b4:TargetDeviceFamily Name="Windows.Universal" MinVersion="10.0.16299.0" MaxVersionTested="10.0.18362.0"/>
			</b4:Dependencies>
		</b5:Package>
		<b5:Package Type="resource" Version="0.52.42393.0" ResourceId="split.language-lv" FileName="AppxMetadata\Stub\ToDoStub_0.52.42393.0_language-lv.appx" Offset="774352" Size="10181" IsStub="true">
			<b5:Resources>
				<b5:Resource Language="lv"/>
				<b5:Resource Language="lv-lv"/>
			</b5:Resources>
			<b4:Dependencies>
				<b4:TargetDeviceFamily Name="Windows.Universal" MinVersion="10.0.16299.0" MaxVersionTested="10.0.18362.0"/>
			</b4:Dependencies>
		</b5:Package>
		<b5:Package Type="resource" Version="0.52.42393.0" ResourceId="split.language-mk" FileName="AppxMetadata\Stub\ToDoStub_0.52.42393.0_language-mk.appx" Offset="784643" Size="10296" IsStub="true">
			<b5:Resources>
				<b5:Resource Language="mk"/>
				<b5:Resource Language="mk-mk"/>
			</b5:Resources>
			<b4:Dependencies>
				<b4:TargetDeviceFamily Name="Windows.Universal" MinVersion="10.0.16299.0" MaxVersionTested="10.0.18362.0"/>
			</b4:Dependencies>
		</b5:Package>
		<b5:Package Type="resource" Version="0.52.42393.0" ResourceId="split.language-ml" FileName="AppxMetadata\Stub\ToDoStub_0.52.42393.0_language-ml.appx" Offset="795049" Size="10371" IsStub="true">
			<b5:Resources>
				<b5:Resource Language="ml"/>
				<b5:Resource Language="ml-in"/>
			</b5:Resources>
			<b4:Dependencies>
				<b4:TargetDeviceFamily Name="Windows.Universal" MinVersion="10.0.16299.0" MaxVersionTested="10.0.18362.0"/>
			</b4:Dependencies>
		</b5:Package>
		<b5:Package Type="resource" Version="0.52.42393.0" ResourceId="split.language-ms" FileName="AppxMetadata\Stub\ToDoStub_0.52.42393.0_language-ms.appx" Offset="805530" Size="10037" IsStub="true">
			<b5:Resources>
				<b5:Resource Language="ms"/>
				<b5:Resource Language="ms-my"/>
			</b5:Resources>
			<b4:Dependencies>
				<b4:TargetDeviceFamily Name="Windows.Universal" MinVersion="10.0.16299.0" MaxVersionTested="10.0.18362.0"/>
			</b4:Dependencies>
		</b5:Package>
		<b5:Package Type="resource" Version="0.52.42393.0" ResourceId="split.language-nb" FileName="AppxMetadata\Stub\ToDoStub_0.52.42393.0_language-nb.appx" Offset="815677" Size="10074" IsStub="true">
			<b5:Resources>
				<b5:Resource Language="nb-no"/>
			</b5:Resources>
			<b4:Dependencies>
				<b4:TargetDeviceFamily Name="Windows.Universal" MinVersion="10.0.16299.0" MaxVersionTested="10.0.18362.0"/>
			</b4:Dependencies>
		</b5:Package>
		<b5:Package Type="resource" Version="0.52.42393.0" ResourceId="split.language-nl" FileName="AppxMetadata\Stub\ToDoStub_0.52.42393.0_language-nl.appx" Offset="825861" Size="10108" IsStub="true">
			<b5:Resources>
				<b5:Resource Language="nl"/>
				<b5:Resource Language="nl-nl"/>
			</b5:Resources>
			<b4:Dependencies>
				<b4:TargetDeviceFamily Name="Windows.Universal" MinVersion="10.0.16299.0" MaxVersionTested="10.0.18362.0"/>
			</b4:Dependencies>
		</b5:Package>
		<b5:Package Type="resource" Version="0.52.42393.0" ResourceId="split.language-nn" FileName="AppxMetadata\Stub\ToDoStub_0.52.42393.0_language-nn.appx" Offset="836079" Size="10069" IsStub="true">
			<b5:Resources>
				<b5:Resource Language="nn-no"/>
			</b5:Resources>
			<b4:Dependencies>
				<b4:TargetDeviceFamily Name="Windows.Universal" MinVersion="10.0.16299.0" MaxVersionTested="10.0.18362.0"/>
			</b4:Dependencies>
		</b5:Package>
		<b5:Package Type="resource" Version="0.52.42393.0" ResourceId="split.language-pl" FileName="AppxMetadata\Stub\ToDoStub_0.52.42393.0_language-pl.appx" Offset="846258" Size="10180" IsStub="true">
			<b5:Resources>
				<b5:Resource Language="pl"/>
				<b5:Resource Language="pl-pl"/>
			</b5:Resources>
			<b4:Dependencies>
				<b4:TargetDeviceFamily Name="Windows.Universal" MinVersion="10.0.16299.0" MaxVersionTested="10.0.18362.0"/>
			</b4:Dependencies>
		</b5:Package>
		<b5:Package Type="resource" Version="0.52.42393.0" ResourceId="split.language-pt" FileName="AppxMetadata\Stub\ToDoStub_0.52.42393.0_language-pt.appx" Offset="856548" Size="10549" IsStub="true">
			<b5:Resources>
				<b5:Resource Language="pt-br"/>
				<b5:Resource Language="pt-pt"/>
			</b5:Resources>
			<b4:Dependencies>
				<b4:TargetDeviceFamily Name="Windows.Universal" MinVersion="10.0.16299.0" MaxVersionTested="10.0.18362.0"/>
			</b4:Dependencies>
		</b5:Package>
		<b5:Package Type="resource" Version="0.52.42393.0" ResourceId="split.language-ro" FileName="AppxMetadata\Stub\ToDoStub_0.52.42393.0_language-ro.appx" Offset="867207" Size="10143" IsStub="true">
			<b5:Resources>
				<b5:Resource Language="ro"/>
				<b5:Resource Language="ro-ro"/>
			</b5:Resources>
			<b4:Dependencies>
				<b4:TargetDeviceFamily Name="Windows.Universal" MinVersion="10.0.16299.0" MaxVersionTested="10.0.18362.0"/>
			</b4:Dependencies>
		</b5:Package>
		<b5:Package Type="resource" Version="0.52.42393.0" ResourceId="split.language-ru" FileName="AppxMetadata\Stub\ToDoStub_0.52.42393.0_language-ru.appx" Offset="877460" Size="10358" IsStub="true">
			<b5:Resources>
				<b5:Resource Language="ru"/>
				<b5:Resource Language="ru-ru"/>
			</b5:Resources>
			<b4:Dependencies>
				<b4:TargetDeviceFamily Name="Windows.Universal" MinVersion="10.0.16299.0" MaxVersionTested="10.0.18362.0"/>
			</b4:Dependencies>
		</b5:Package>
		<b5:Package Type="resource" Version="0.52.42393.0" ResourceId="split.language-sk" FileName="AppxMetadata\Stub\ToDoStub_0.52.42393.0_language-sk.appx" Offset="887928" Size="10183" IsStub="true">
			<b5:Resources>
				<b5:Resource Language="sk"/>
				<b5:Resource Language="sk-sk"/>
			</b5:Resources>
			<b4:Dependencies>
				<b4:TargetDeviceFamily Name="Windows.Universal" MinVersion="10.0.16299.0" MaxVersionTested="10.0.18362.0"/>
			</b4:Dependencies>
		</b5:Package>
		<b5:Package Type="resource" Version="0.52.42393.0" ResourceId="split.language-sl" FileName="AppxMetadata\Stub\ToDoStub_0.52.42393.0_language-sl.appx" Offset="898221" Size="10128" IsStub="true">
			<b5:Resources>
				<b5:Resource Language="sl"/>
				<b5:Resource Language="sl-si"/>
			</b5:Resources>
			<b4:Dependencies>
				<b4:TargetDeviceFamily Name="Windows.Universal" MinVersion="10.0.16299.0" MaxVersionTested="10.0.18362.0"/>
			</b4:Dependencies>
		</b5:Package>
		<b5:Package Type="resource" Version="0.52.42393.0" ResourceId="split.language-sq" FileName="AppxMetadata\Stub\ToDoStub_0.52.42393.0_language-sq.appx" Offset="908459" Size="10147" IsStub="true">
			<b5:Resources>
				<b5:Resource Language="sq"/>
				<b5:Resource Language="sq-al"/>
			</b5:Resources>
			<b4:Dependencies>
				<b4:TargetDeviceFamily Name="Windows.Universal" MinVersion="10.0.16299.0" MaxVersionTested="10.0.18362.0"/>
			</b4:Dependencies>
		</b5:Package>
		<b5:Package Type="resource" Version="0.52.42393.0" ResourceId="split.language-sr-cyrl" FileName="AppxMetadata\Stub\ToDoStub_0.52.42393.0_language-sr-cyrl.appx" Offset="918721" Size="10597" IsStub="true">
			<b5:Resources>
				<b5:Resource Language="sr-cyrl-ba"/>
				<b5:Resource Language="sr-cyrl-rs"/>
			</b5:Resources>
			<b4:Dependencies>
				<b4:TargetDeviceFamily Name="Windows.Universal" MinVersion="10.0.16299.0" MaxVersionTested="10.0.18362.0"/>
			</b4:Dependencies>
		</b5:Package>
		<b5:Package Type="resource" Version="0.52.42393.0" ResourceId="split.language-sr-latn" FileName="AppxMetadata\Stub\ToDoStub_0.52.42393.0_language-sr-latn.appx" Offset="929433" Size="10122" IsStub="true">
			<b5:Resources>
				<b5:Resource Language="sr-latn-rs"/>
			</b5:Resources>
			<b4:Dependencies>
				<b4:TargetDeviceFamily Name="Windows.Universal" MinVersion="10.0.16299.0" MaxVersionTested="10.0.18362.0"/>
			</b4:Dependencies>
		</b5:Package>
		<b5:Package Type="resource" Version="0.52.42393.0" ResourceId="split.language-sv" FileName="AppxMetadata\Stub\ToDoStub_0.52.42393.0_language-sv.appx" Offset="939665" Size="10097" IsStub="true">
			<b5:Resources>
				<b5:Resource Language="sv"/>
				<b5:Resource Language="sv-se"/>
			</b5:Resources>
			<b4:Dependencies>
				<b4:TargetDeviceFamily Name="Windows.Universal" MinVersion="10.0.16299.0" MaxVersionTested="10.0.18362.0"/>
			</b4:Dependencies>
		</b5:Package>
		<b5:Package Type="resource" Version="0.52.42393.0" ResourceId="split.language-sw" FileName="AppxMetadata\Stub\ToDoStub_0.52.42393.0_language-sw.appx" Offset="949872" Size="9586" IsStub="true">
			<b5:Resources>
				<b5:Resource Language="sw"/>
			</b5:Resources>
			<b4:Dependencies>
				<b4:TargetDeviceFamily Name="Windows.Universal" MinVersion="10.0.16299.0" MaxVersionTested="10.0.18362.0"/>
			</b4:Dependencies>
		</b5:Package>
		<b5:Package Type="resource" Version="0.52.42393.0" ResourceId="split.language-ta" FileName="AppxMetadata\Stub\ToDoStub_0.52.42393.0_language-ta.appx" Offset="959568" Size="10333" IsStub="true">
			<b5:Resources>
				<b5:Resource Language="ta"/>
				<b5:Resource Language="ta-in"/>
			</b5:Resources>
			<b4:Dependencies>
				<b4:TargetDeviceFamily Name="Windows.Universal" MinVersion="10.0.16299.0" MaxVersionTested="10.0.18362.0"/>
			</b4:Dependencies>
		</b5:Package>
		<b5:Package Type="resource" Version="0.52.42393.0" ResourceId="split.language-te" FileName="AppxMetadata\Stub\ToDoStub_0.52.42393.0_language-te.appx" Offset="970011" Size="10369" IsStub="true">
			<b5:Resources>
				<b5:Resource Language="te"/>
				<b5:Resource Language="te-in"/>
			</b5:Resources>
			<b4:Dependencies>
				<b4:TargetDeviceFamily Name="Windows.Universal" MinVersion="10.0.16299.0" MaxVersionTested="10.0.18362.0"/>
			</b4:Dependencies>
		</b5:Package>
		<b5:Package Type="resource" Version="0.52.42393.0" ResourceId="split.language-th" FileName="AppxMetadata\Stub\ToDoStub_0.52.42393.0_language-th.appx" Offset="980490" Size="10245" IsStub="true">
			<b5:Resources>
				<b5:Resource Language="th"/>
				<b5:Resource Language="th-th"/>
			</b5:Resources>
			<b4:Dependencies>
				<b4:TargetDeviceFamily Name="Windows.Universal" MinVersion="10.0.16299.0" MaxVersionTested="10.0.18362.0"/>
			</b4:Dependencies>
		</b5:Package>
		<b5:Package Type="resource" Version="0.52.42393.0" ResourceId="split.language-tr" FileName="AppxMetadata\Stub\ToDoStub_0.52.42393.0_language-tr.appx" Offset="990845" Size="10162" IsStub="true">
			<b5:Resources>
				<b5:Resource Language="tr"/>
				<b5:Resource Language="tr-tr"/>
			</b5:Resources>
			<b4:Dependencies>
				<b4:TargetDeviceFamily Name="Windows.Universal" MinVersion="10.0.16299.0" MaxVersionTested="10.0.18362.0"/>
			</b4:Dependencies>
		</b5:Package>
		<b5:Package Type="resource" Version="0.52.42393.0" ResourceId="split.language-uk" FileName="AppxMetadata\Stub\ToDoStub_0.52.42393.0_language-uk.appx" Offset="1001117" Size="10305" IsStub="true">
			<b5:Resources>
				<b5:Resource Language="uk"/>
				<b5:Resource Language="uk-ua"/>
			</b5:Resources>
			<b4:Dependencies>
				<b4:TargetDeviceFamily Name="Windows.Universal" MinVersion="10.0.16299.0" MaxVersionTested="10.0.18362.0"/>
			</b4:Dependencies>
		</b5:Package>
		<b5:Package Type="resource" Version="0.52.42393.0" ResourceId="split.language-uz-latn" FileName="AppxMetadata\Stub\ToDoStub_0.52.42393.0_language-uz-latn.appx" Offset="1011537" Size="9641" IsStub="true">
			<b5:Resources>
				<b5:Resource Language="uz-latn-uz"/>
			</b5:Resources>
			<b4:Dependencies>
				<b4:TargetDeviceFamily Name="Windows.Universal" MinVersion="10.0.16299.0" MaxVersionTested="10.0.18362.0"/>
			</b4:Dependencies>
		</b5:Package>
		<b5:Package Type="resource" Version="0.52.42393.0" ResourceId="split.language-vi" FileName="AppxMetadata\Stub\ToDoStub_0.52.42393.0_language-vi.appx" Offset="1021288" Size="10238" IsStub="true">
			<b5:Resources>
				<b5:Resource Language="vi"/>
				<b5:Resource Language="vi-vn"/>
			</b5:Resources>
			<b4:Dependencies>
				<b4:TargetDeviceFamily Name="Windows.Universal" MinVersion="10.0.16299.0" MaxVersionTested="10.0.18362.0"/>
			</b4:Dependencies>
		</b5:Package>
		<b5:Package Type="resource" Version="0.52.42393.0" ResourceId="split.language-zh-hans" FileName="AppxMetadata\Stub\ToDoStub_0.52.42393.0_language-zh-hans.appx" Offset="1031641" Size="10095" IsStub="true">
			<b5:Resources>
				<b5:Resource Language="zh-cn"/>
				<b5:Resource Language="zh-hans"/>
			</b5:Resources>
			<b4:Dependencies>
				<b4:TargetDeviceFamily Name="Windows.Universal" MinVersion="10.0.16299.0" MaxVersionTested="10.0.18362.0"/>
			</b4:Dependencies>
		</b5:Package>
		<b5:Package Type="resource" Version="0.52.42393.0" ResourceId="split.language-zh-hant" FileName="AppxMetadata\Stub\ToDoStub_0.52.42393.0_language-zh-hant.appx" Offset="1041851" Size="10097" IsStub="true">
			<b5:Resources>
				<b5:Resource Language="zh-hant"/>
				<b5:Resource Language="zh-tw"/>
			</b5:Resources>
			<b4:Dependencies>
				<b4:TargetDeviceFamily Name="Windows.Universal" MinVersion="10.0.16299.0" MaxVersionTested="10.0.18362.0"/>
			</b4:Dependencies>
		</b5:Package>
		<b5:Package Type="resource" Version="0.52.42393.0" ResourceId="split.scale-100" FileName="AppxMetadata\Stub\ToDoStub_0.52.42393.0_scale-100.appx" Offset="1052056" Size="65508" IsStub="true">
			<b5:Resources>
				<b5:Resource Scale="100"/>
			</b5:Resources>
			<b4:Dependencies>
				<b4:TargetDeviceFamily Name="Windows.Universal" MinVersion="10.0.16299.0" MaxVersionTested="10.0.18362.0"/>
			</b4:Dependencies>
		</b5:Package>
		<b5:Package Type="resource" Version="0.52.42393.0" ResourceId="split.scale-125" FileName="AppxMetadata\Stub\ToDoStub_0.52.42393.0_scale-125.appx" Offset="1117672" Size="82820" IsStub="true">
			<b5:Resources>
				<b5:Resource Scale="125"/>
			</b5:Resources>
			<b4:Dependencies>
				<b4:TargetDeviceFamily Name="Windows.Universal" MinVersion="10.0.16299.0" MaxVersionTested="10.0.18362.0"/>
			</b4:Dependencies>
		</b5:Package>
		<b5:Package Type="resource" Version="0.52.42393.0" ResourceId="split.scale-150" FileName="AppxMetadata\Stub\ToDoStub_0.52.42393.0_scale-150.appx" Offset="1200600" Size="98930" IsStub="true">
			<b5:Resources>
				<b5:Resource Scale="150"/>
			</b5:Resources>
			<b4:Dependencies>
				<b4:TargetDeviceFamily Name="Windows.Universal" MinVersion="10.0.16299.0" MaxVersionTested="10.0.18362.0"/>
			</b4:Dependencies>
		</b5:Package>
		<b5:Package Type="resource" Version="0.52.42393.0" ResourceId="split.scale-400" FileName="AppxMetadata\Stub\ToDoStub_0.52.42393.0_scale-400.appx" Offset="1299638" Size="359833" IsStub="true">
			<b5:Resources>
				<b5:Resource Scale="400"/>
			</b5:Resources>
			<b4:Dependencies>
				<b4:TargetDeviceFamily Name="Windows.Universal" MinVersion="10.0.16299.0" MaxVersionTested="10.0.18362.0"/>
			</b4:Dependencies>
		</b5:Package>
		<b5:Package Type="application" Version="0.52.42393.0" Architecture="x86" FileName="AppxMetadata\Stub\ToDoStub_0.52.42393.0_Win32.appx" Offset="1659575" Size="409820" IsStub="true">
			<b5:Resources>
				<b5:Resource Language="EN-US"/>
				<b5:Resource Language="EN"/>
				<b5:Resource Language="EN-GB"/>
				<b5:Resource Scale="200"/>
			</b5:Resources>
			<b4:Dependencies>
				<b4:TargetDeviceFamily Name="Windows.Universal" MinVersion="10.0.16299.0" MaxVersionTested="10.0.18362.0"/>
			</b4:Dependencies>
		</b5:Package>
		<b5:Package Type="application" Version="0.52.42393.0" Architecture="x64" FileName="AppxMetadata\Stub\ToDoStub_0.52.42393.0_x64.appx" Offset="2069497" Size="409597" IsStub="true">
			<b5:Resources>
				<b5:Resource Language="EN-US"/>
				<b5:Resource Language="EN"/>
				<b5:Resource Language="EN-GB"/>
				<b5:Resource Scale="200"/>
			</b5:Resources>
			<b4:Dependencies>
				<b4:TargetDeviceFamily Name="Windows.Universal" MinVersion="10.0.16299.0" MaxVersionTested="10.0.18362.0"/>
			</b4:Dependencies>
		</b5:Package>
		<Package Type="application" Version="2.52.42393.0" Architecture="arm" FileName="Todos_2.52.42393.0_ARM.appx" Offset="2479175" Size="25387196">
			<Resources>
				<Resource Language="EN"/>
				<Resource Language="EN-GB"/>
				<Resource Scale="200"/>
			</Resources>
			<b4:Dependencies>
				<b4:TargetDeviceFamily Name="Windows.Universal" MinVersion="10.0.16299.0" MaxVersionTested="10.0.19400.0"/>
			</b4:Dependencies>
		</Package>
		<Package Type="application" Version="2.52.42393.0" Architecture="x64" FileName="Todos_2.52.42393.0_x64.appx" Offset="33006849" Size="26464476">
			<Resources>
				<Resource Language="EN"/>
				<Resource Language="EN-GB"/>
				<Resource Scale="200"/>
			</Resources>
			<b4:Dependencies>
				<b4:TargetDeviceFamily Name="Windows.Universal" MinVersion="10.0.16299.0" MaxVersionTested="10.0.19400.0"/>
			</b4:Dependencies>
		</Package>
		<Package Type="application" Version="2.52.42393.0" Architecture="x86" FileName="Todos_2.52.42393.0_x86.appx" Offset="59471406" Size="24184679">
			<Resources>
				<Resource Language="EN"/>
				<Resource Language="EN-GB"/>
				<Resource Scale="200"/>
			</Resources>
			<b4:Dependencies>
				<b4:TargetDeviceFamily Name="Windows.Universal" MinVersion="10.0.16299.0" MaxVersionTested="10.0.19400.0"/>
			</b4:Dependencies>
		</Package>
		<Package Type="resource" Version="2.52.42393.0" ResourceId="split.language-af" FileName="Todos_2.52.42393.0_language-af.appx" Offset="27866460" Size="60935">
			<Resources>
				<Resource Language="af"/>
			</Resources>
			<b4:Dependencies>
				<b4:TargetDeviceFamily Name="Windows.Universal" MinVersion="10.0.16299.0" MaxVersionTested="10.0.19400.0"/>
			</b4:Dependencies>
		</Package>
		<Package Type="resource" Version="2.52.42393.0" ResourceId="split.language-am" FileName="Todos_2.52.42393.0_language-am.appx" Offset="27927484" Size="68092">
			<Resources>
				<Resource Language="am"/>
			</Resources>
			<b4:Dependencies>
				<b4:TargetDeviceFamily Name="Windows.Universal" MinVersion="10.0.16299.0" MaxVersionTested="10.0.19400.0"/>
			</b4:Dependencies>
		</Package>
		<Package Type="resource" Version="2.52.42393.0" ResourceId="split.language-ar" FileName="Todos_2.52.42393.0_language-ar.appx" Offset="27995665" Size="66664">
			<Resources>
				<Resource Language="ar"/>
			</Resources>
			<b4:Dependencies>
				<b4:TargetDeviceFamily Name="Windows.Universal" MinVersion="10.0.16299.0" MaxVersionTested="10.0.19400.0"/>
			</b4:Dependencies>
		</Package>
		<Package Type="resource" Version="2.52.42393.0" ResourceId="split.language-be" FileName="Todos_2.52.42393.0_language-be.appx" Offset="28062418" Size="73806">
			<Resources>
				<Resource Language="be"/>
			</Resources>
			<b4:Dependencies>
				<b4:TargetDeviceFamily Name="Windows.Universal" MinVersion="10.0.16299.0" MaxVersionTested="10.0.19400.0"/>
			</b4:Dependencies>
		</Package>
		<Package Type="resource" Version="2.52.42393.0" ResourceId="split.language-bg" FileName="Todos_2.52.42393.0_language-bg.appx" Offset="28136313" Size="70438">
			<Resources>
				<Resource Language="bg"/>
			</Resources>
			<b4:Dependencies>
				<b4:TargetDeviceFamily Name="Windows.Universal" MinVersion="10.0.16299.0" MaxVersionTested="10.0.19400.0"/>
			</b4:Dependencies>
		</Package>
		<Package Type="resource" Version="2.52.42393.0" ResourceId="split.language-bn" FileName="Todos_2.52.42393.0_language-bn.appx" Offset="28206840" Size="58246">
			<Resources>
				<Resource Language="bn-bd"/>
			</Resources>
			<b4:Dependencies>
				<b4:TargetDeviceFamily Name="Windows.Universal" MinVersion="10.0.16299.0" MaxVersionTested="10.0.19400.0"/>
			</b4:Dependencies>
		</Package>
		<Package Type="resource" Version="2.52.42393.0" ResourceId="split.language-bs" FileName="Todos_2.52.42393.0_language-bs.appx" Offset="28265175" Size="63922">
			<Resources>
				<Resource Language="bs"/>
			</Resources>
			<b4:Dependencies>
				<b4:TargetDeviceFamily Name="Windows.Universal" MinVersion="10.0.16299.0" MaxVersionTested="10.0.19400.0"/>
			</b4:Dependencies>
		</Package>
		<Package Type="resource" Version="2.52.42393.0" ResourceId="split.language-ca" FileName="Todos_2.52.42393.0_language-ca.appx" Offset="28329186" Size="64032">
			<Resources>
				<Resource Language="ca"/>
			</Resources>
			<b4:Dependencies>
				<b4:TargetDeviceFamily Name="Windows.Universal" MinVersion="10.0.16299.0" MaxVersionTested="10.0.19400.0"/>
			</b4:Dependencies>
		</Package>
		<Package Type="resource" Version="2.52.42393.0" ResourceId="split.language-cs" FileName="Todos_2.52.42393.0_language-cs.appx" Offset="28393307" Size="65010">
			<Resources>
				<Resource Language="cs"/>
			</Resources>
			<b4:Dependencies>
				<b4:TargetDeviceFamily Name="Windows.Universal" MinVersion="10.0.16299.0" MaxVersionTested="10.0.19400.0"/>
			</b4:Dependencies>
		</Package>
		<Package Type="resource" Version="2.52.42393.0" ResourceId="split.language-da" FileName="Todos_2.52.42393.0_language-da.appx" Offset="28458406" Size="60597">
			<Resources>
				<Resource Language="da"/>
			</Resources>
			<b4:Dependencies>
				<b4:TargetDeviceFamily Name="Windows.Universal" MinVersion="10.0.16299.0" MaxVersionTested="10.0.19400.0"/>
			</b4:Dependencies>
		</Package>
		<Package Type="resource" Version="2.52.42393.0" ResourceId="split.language-de" FileName="Todos_2.52.42393.0_language-de.appx" Offset="28519092" Size="64789">
			<Resources>
				<Resource Language="de"/>
				<Resource Language="de-de"/>
			</Resources>
			<b4:Dependencies>
				<b4:TargetDeviceFamily Name="Windows.Universal" MinVersion="10.0.16299.0" MaxVersionTested="10.0.19400.0"/>
			</b4:Dependencies>
		</Package>
		<Package Type="resource" Version="2.52.42393.0" ResourceId="split.language-el" FileName="Todos_2.52.42393.0_language-el.appx" Offset="28583970" Size="74922">
			<Resources>
				<Resource Language="el"/>
			</Resources>
			<b4:Dependencies>
				<b4:TargetDeviceFamily Name="Windows.Universal" MinVersion="10.0.16299.0" MaxVersionTested="10.0.19400.0"/>
			</b4:Dependencies>
		</Package>
		<Package Type="resource" Version="2.52.42393.0" ResourceId="split.language-es" FileName="Todos_2.52.42393.0_language-es.appx" Offset="28658981" Size="69602">
			<Resources>
				<Resource Language="es"/>
				<Resource Language="es-es"/>
				<Resource Language="es-mx"/>
			</Resources>
			<b4:Dependencies>
				<b4:TargetDeviceFamily Name="Windows.Universal" MinVersion="10.0.16299.0" MaxVersionTested="10.0.19400.0"/>
			</b4:Dependencies>
		</Package>
		<Package Type="resource" Version="2.52.42393.0" ResourceId="split.language-et" FileName="Todos_2.52.42393.0_language-et.appx" Offset="28728672" Size="62659">
			<Resources>
				<Resource Language="et"/>
			</Resources>
			<b4:Dependencies>
				<b4:TargetDeviceFamily Name="Windows.Universal" MinVersion="10.0.16299.0" MaxVersionTested="10.0.19400.0"/>
			</b4:Dependencies>
		</Package>
		<Package Type="resource" Version="2.52.42393.0" ResourceId="split.language-eu" FileName="Todos_2.52.42393.0_language-eu.appx" Offset="28791420" Size="60425">
			<Resources>
				<Resource Language="eu"/>
			</Resources>
			<b4:Dependencies>
				<b4:TargetDeviceFamily Name="Windows.Universal" MinVersion="10.0.16299.0" MaxVersionTested="10.0.19400.0"/>
			</b4:Dependencies>
		</Package>
		<Package Type="resource" Version="2.52.42393.0" ResourceId="split.language-fa" FileName="Todos_2.52.42393.0_language-fa.appx" Offset="28851934" Size="69950">
			<Resources>
				<Resource Language="fa"/>
			</Resources>
			<b4:Dependencies>
				<b4:TargetDeviceFamily Name="Windows.Universal" MinVersion="10.0.16299.0" MaxVersionTested="10.0.19400.0"/>
			</b4:Dependencies>
		</Package>
		<Package Type="resource" Version="2.52.42393.0" ResourceId="split.language-fi" FileName="Todos_2.52.42393.0_language-fi.appx" Offset="28921973" Size="62207">
			<Resources>
				<Resource Language="fi"/>
			</Resources>
			<b4:Dependencies>
				<b4:TargetDeviceFamily Name="Windows.Universal" MinVersion="10.0.16299.0" MaxVersionTested="10.0.19400.0"/>
			</b4:Dependencies>
		</Package>
		<Package Type="resource" Version="2.52.42393.0" ResourceId="split.language-fil-latn" FileName="Todos_2.52.42393.0_language-fil-latn.appx" Offset="28984275" Size="62699">
			<Resources>
				<Resource Language="fil"/>
			</Resources>
			<b4:Dependencies>
				<b4:TargetDeviceFamily Name="Windows.Universal" MinVersion="10.0.16299.0" MaxVersionTested="10.0.19400.0"/>
			</b4:Dependencies>
		</Package>
		<Package Type="resource" Version="2.52.42393.0" ResourceId="split.language-fr" FileName="Todos_2.52.42393.0_language-fr.appx" Offset="29047063" Size="67372">
			<Resources>
				<Resource Language="fr"/>
				<Resource Language="fr-ca"/>
				<Resource Language="fr-fr"/>
			</Resources>
			<b4:Dependencies>
				<b4:TargetDeviceFamily Name="Windows.Universal" MinVersion="10.0.16299.0" MaxVersionTested="10.0.19400.0"/>
			</b4:Dependencies>
		</Package>
		<Package Type="resource" Version="2.52.42393.0" ResourceId="split.language-gl" FileName="Todos_2.52.42393.0_language-gl.appx" Offset="29114524" Size="61503">
			<Resources>
				<Resource Language="gl"/>
			</Resources>
			<b4:Dependencies>
				<b4:TargetDeviceFamily Name="Windows.Universal" MinVersion="10.0.16299.0" MaxVersionTested="10.0.19400.0"/>
			</b4:Dependencies>
		</Package>
		<Package Type="resource" Version="2.52.42393.0" ResourceId="split.language-ha-latn" FileName="Todos_2.52.42393.0_language-ha-latn.appx" Offset="29176121" Size="61196">
			<Resources>
				<Resource Language="ha-latn-ng"/>
			</Resources>
			<b4:Dependencies>
				<b4:TargetDeviceFamily Name="Windows.Universal" MinVersion="10.0.16299.0" MaxVersionTested="10.0.19400.0"/>
			</b4:Dependencies>
		</Package>
		<Package Type="resource" Version="2.52.42393.0" ResourceId="split.language-he" FileName="Todos_2.52.42393.0_language-he.appx" Offset="29237406" Size="62702">
			<Resources>
				<Resource Language="he"/>
			</Resources>
			<b4:Dependencies>
				<b4:TargetDeviceFamily Name="Windows.Universal" MinVersion="10.0.16299.0" MaxVersionTested="10.0.19400.0"/>
			</b4:Dependencies>
		</Package>
		<Package Type="resource" Version="2.52.42393.0" ResourceId="split.language-hi" FileName="Todos_2.52.42393.0_language-hi.appx" Offset="29300197" Size="69914">
			<Resources>
				<Resource Language="hi"/>
			</Resources>
			<b4:Dependencies>
				<b4:TargetDeviceFamily Name="Windows.Universal" MinVersion="10.0.16299.0" MaxVersionTested="10.0.19400.0"/>
			</b4:Dependencies>
		</Package>
		<Package Type="resource" Version="2.52.42393.0" ResourceId="split.language-hr" FileName="Todos_2.52.42393.0_language-hr.appx" Offset="29370200" Size="63912">
			<Resources>
				<Resource Language="hr"/>
			</Resources>
			<b4:Dependencies>
				<b4:TargetDeviceFamily Name="Windows.Universal" MinVersion="10.0.16299.0" MaxVersionTested="10.0.19400.0"/>
			</b4:Dependencies>
		</Package>
		<Package Type="resource" Version="2.52.42393.0" ResourceId="split.language-hu" FileName="Todos_2.52.42393.0_language-hu.appx" Offset="29434201" Size="65129">
			<Resources>
				<Resource Language="hu"/>
			</Resources>
			<b4:Dependencies>
				<b4:TargetDeviceFamily Name="Windows.Universal" MinVersion="10.0.16299.0" MaxVersionTested="10.0.19400.0"/>
			</b4:Dependencies>
		</Package>
		<Package Type="resource" Version="2.52.42393.0" ResourceId="split.language-id" FileName="Todos_2.52.42393.0_language-id.appx" Offset="29499419" Size="58571">
			<Resources>
				<Resource Language="id"/>
			</Resources>
			<b4:Dependencies>
				<b4:TargetDeviceFamily Name="Windows.Universal" MinVersion="10.0.16299.0" MaxVersionTested="10.0.19400.0"/>
			</b4:Dependencies>
		</Package>
		<Package Type="resource" Version="2.52.42393.0" ResourceId="split.language-is" FileName="Todos_2.52.42393.0_language-is.appx" Offset="29558079" Size="62760">
			<Resources>
				<Resource Language="is"/>
			</Resources>
			<b4:Dependencies>
				<b4:TargetDeviceFamily Name="Windows.Universal" MinVersion="10.0.16299.0" MaxVersionTested="10.0.19400.0"/>
			</b4:Dependencies>
		</Package>
		<Package Type="resource" Version="2.52.42393.0" ResourceId="split.language-it" FileName="Todos_2.52.42393.0_language-it.appx" Offset="29620928" Size="62252">
			<Resources>
				<Resource Language="it"/>
				<Resource Language="it-it"/>
			</Resources>
			<b4:Dependencies>
				<b4:TargetDeviceFamily Name="Windows.Universal" MinVersion="10.0.16299.0" MaxVersionTested="10.0.19400.0"/>
			</b4:Dependencies>
		</Package>
		<Package Type="resource" Version="2.52.42393.0" ResourceId="split.language-ja" FileName="Todos_2.52.42393.0_language-ja.appx" Offset="29683269" Size="61066">
			<Resources>
				<Resource Language="ja"/>
				<Resource Language="ja-jp"/>
			</Resources>
			<b4:Dependencies>
				<b4:TargetDeviceFamily Name="Windows.Universal" MinVersion="10.0.16299.0" MaxVersionTested="10.0.19400.0"/>
			</b4:Dependencies>
		</Package>
		<Package Type="resource" Version="2.52.42393.0" ResourceId="split.language-kk" FileName="Todos_2.52.42393.0_language-kk.appx" Offset="29744424" Size="70630">
			<Resources>
				<Resource Language="kk"/>
			</Resources>
			<b4:Dependencies>
				<b4:TargetDeviceFamily Name="Windows.Universal" MinVersion="10.0.16299.0" MaxVersionTested="10.0.19400.0"/>
			</b4:Dependencies>
		</Package>
		<Package Type="resource" Version="2.52.42393.0" ResourceId="split.language-km" FileName="Todos_2.52.42393.0_language-km.appx" Offset="29815143" Size="71299">
			<Resources>
				<Resource Language="km-kh"/>
			</Resources>
			<b4:Dependencies>
				<b4:TargetDeviceFamily Name="Windows.Universal" MinVersion="10.0.16299.0" MaxVersionTested="10.0.19400.0"/>
			</b4:Dependencies>
		</Package>
		<Package Type="resource" Version="2.52.42393.0" ResourceId="split.language-kn" FileName="Todos_2.52.42393.0_language-kn.appx" Offset="29886531" Size="69672">
			<Resources>
				<Resource Language="kn"/>
			</Resources>
			<b4:Dependencies>
				<b4:TargetDeviceFamily Name="Windows.Universal" MinVersion="10.0.16299.0" MaxVersionTested="10.0.19400.0"/>
			</b4:Dependencies>
		</Package>
		<Package Type="resource" Version="2.52.42393.0" ResourceId="split.language-ko" FileName="Todos_2.52.42393.0_language-ko.appx" Offset="29956292" Size="61050">
			<Resources>
				<Resource Language="ko"/>
				<Resource Language="ko-kr"/>
			</Resources>
			<b4:Dependencies>
				<b4:TargetDeviceFamily Name="Windows.Universal" MinVersion="10.0.16299.0" MaxVersionTested="10.0.19400.0"/>
			</b4:Dependencies>
		</Package>
		<Package Type="resource" Version="2.52.42393.0" ResourceId="split.language-lo" FileName="Todos_2.52.42393.0_language-lo.appx" Offset="30017431" Size="65456">
			<Resources>
				<Resource Language="lo"/>
			</Resources>
			<b4:Dependencies>
				<b4:TargetDeviceFamily Name="Windows.Universal" MinVersion="10.0.16299.0" MaxVersionTested="10.0.19400.0"/>
			</b4:Dependencies>
		</Package>
		<Package Type="resource" Version="2.52.42393.0" ResourceId="split.language-lt" FileName="Todos_2.52.42393.0_language-lt.appx" Offset="30082976" Size="63834">
			<Resources>
				<Resource Language="lt"/>
			</Resources>
			<b4:Dependencies>
				<b4:TargetDeviceFamily Name="Windows.Universal" MinVersion="10.0.16299.0" MaxVersionTested="10.0.19400.0"/>
			</b4:Dependencies>
		</Package>
		<Package Type="resource" Version="2.52.42393.0" ResourceId="split.language-lv" FileName="Todos_2.52.42393.0_language-lv.appx" Offset="30146899" Size="63988">
			<Resources>
				<Resource Language="lv"/>
			</Resources>
			<b4:Dependencies>
				<b4:TargetDeviceFamily Name="Windows.Universal" MinVersion="10.0.16299.0" MaxVersionTested="10.0.19400.0"/>
			</b4:Dependencies>
		</Package>
		<Package Type="resource" Version="2.52.42393.0" ResourceId="split.language-mk" FileName="Todos_2.52.42393.0_language-mk.appx" Offset="30210976" Size="69406">
			<Resources>
				<Resource Language="mk"/>
			</Resources>
			<b4:Dependencies>
				<b4:TargetDeviceFamily Name="Windows.Universal" MinVersion="10.0.16299.0" MaxVersionTested="10.0.19400.0"/>
			</b4:Dependencies>
		</Package>
		<Package Type="resource" Version="2.52.42393.0" ResourceId="split.language-ml" FileName="Todos_2.52.42393.0_language-ml.appx" Offset="30280471" Size="72643">
			<Resources>
				<Resource Language="ml"/>
			</Resources>
			<b4:Dependencies>
				<b4:TargetDeviceFamily Name="Windows.Universal" MinVersion="10.0.16299.0" MaxVersionTested="10.0.19400.0"/>
			</b4:Dependencies>
		</Package>
		<Package Type="resource" Version="2.52.42393.0" ResourceId="split.language-ms" FileName="Todos_2.52.42393.0_language-ms.appx" Offset="30353203" Size="59521">
			<Resources>
				<Resource Language="ms"/>
			</Resources>
			<b4:Dependencies>
				<b4:TargetDeviceFamily Name="Windows.Universal" MinVersion="10.0.16299.0" MaxVersionTested="10.0.19400.0"/>
			</b4:Dependencies>
		</Package>
		<Package Type="resource" Version="2.52.42393.0" ResourceId="split.language-nb" FileName="Todos_2.52.42393.0_language-nb.appx" Offset="30412813" Size="59750">
			<Resources>
				<Resource Language="nb-no"/>
			</Resources>
			<b4:Dependencies>
				<b4:TargetDeviceFamily Name="Windows.Universal" MinVersion="10.0.16299.0" MaxVersionTested="10.0.19400.0"/>
			</b4:Dependencies>
		</Package>
		<Package Type="resource" Version="2.52.42393.0" ResourceId="split.language-nl" FileName="Todos_2.52.42393.0_language-nl.appx" Offset="30472652" Size="60998">
			<Resources>
				<Resource Language="nl"/>
			</Resources>
			<b4:Dependencies>
				<b4:TargetDeviceFamily Name="Windows.Universal" MinVersion="10.0.16299.0" MaxVersionTested="10.0.19400.0"/>
			</b4:Dependencies>
		</Package>
		<Package Type="resource" Version="2.52.42393.0" ResourceId="split.language-nn" FileName="Todos_2.52.42393.0_language-nn.appx" Offset="30533739" Size="59776">
			<Resources>
				<Resource Language="nn-no"/>
			</Resources>
			<b4:Dependencies>
				<b4:TargetDeviceFamily Name="Windows.Universal" MinVersion="10.0.16299.0" MaxVersionTested="10.0.19400.0"/>
			</b4:Dependencies>
		</Package>
		<Package Type="resource" Version="2.52.42393.0" ResourceId="split.language-pl" FileName="Todos_2.52.42393.0_language-pl.appx" Offset="30593604" Size="64399">
			<Resources>
				<Resource Language="pl"/>
			</Resources>
			<b4:Dependencies>
				<b4:TargetDeviceFamily Name="Windows.Universal" MinVersion="10.0.16299.0" MaxVersionTested="10.0.19400.0"/>
			</b4:Dependencies>
		</Package>
		<Package Type="resource" Version="2.52.42393.0" ResourceId="split.language-pt" FileName="Todos_2.52.42393.0_language-pt.appx" Offset="30658092" Size="101490">
			<Resources>
				<Resource Language="pt-br"/>
				<Resource Language="pt-pt"/>
			</Resources>
			<b4:Dependencies>
				<b4:TargetDeviceFamily Name="Windows.Universal" MinVersion="10.0.16299.0" MaxVersionTested="10.0.19400.0"/>
			</b4:Dependencies>
		</Package>
		<Package Type="resource" Version="2.52.42393.0" ResourceId="split.language-ro" FileName="Todos_2.52.42393.0_language-ro.appx" Offset="30759671" Size="62953">
			<Resources>
				<Resource Language="ro"/>
			</Resources>
			<b4:Dependencies>
				<b4:TargetDeviceFamily Name="Windows.Universal" MinVersion="10.0.16299.0" MaxVersionTested="10.0.19400.0"/>
			</b4:Dependencies>
		</Package>
		<Package Type="resource" Version="2.52.42393.0" ResourceId="split.language-ru" FileName="Todos_2.52.42393.0_language-ru.appx" Offset="30822713" Size="72504">
			<Resources>
				<Resource Language="ru"/>
				<Resource Language="ru-ru"/>
			</Resources>
			<b4:Dependencies>
				<b4:TargetDeviceFamily Name="Windows.Universal" MinVersion="10.0.16299.0" MaxVersionTested="10.0.19400.0"/>
			</b4:Dependencies>
		</Package>
		<Package Type="resource" Version="2.52.42393.0" ResourceId="split.language-sk" FileName="Todos_2.52.42393.0_language-sk.appx" Offset="30895306" Size="65039">
			<Resources>
				<Resource Language="sk"/>
			</Resources>
			<b4:Dependencies>
				<b4:TargetDeviceFamily Name="Windows.Universal" MinVersion="10.0.16299.0" MaxVersionTested="10.0.19400.0"/>
			</b4:Dependencies>
		</Package>
		<Package Type="resource" Version="2.52.42393.0" ResourceId="split.language-sl" FileName="Todos_2.52.42393.0_language-sl.appx" Offset="30960434" Size="63352">
			<Resources>
				<Resource Language="sl"/>
			</Resources>
			<b4:Dependencies>
				<b4:TargetDeviceFamily Name="Windows.Universal" MinVersion="10.0.16299.0" MaxVersionTested="10.0.19400.0"/>
			</b4:Dependencies>
		</Package>
		<Package Type="resource" Version="2.52.42393.0" ResourceId="split.language-sq" FileName="Todos_2.52.42393.0_language-sq.appx" Offset="31023875" Size="63274">
			<Resources>
				<Resource Language="sq"/>
			</Resources>
			<b4:Dependencies>
				<b4:TargetDeviceFamily Name="Windows.Universal" MinVersion="10.0.16299.0" MaxVersionTested="10.0.19400.0"/>
			</b4:Dependencies>
		</Package>
		<Package Type="resource" Version="2.52.42393.0" ResourceId="split.language-sr-cyrl" FileName="Todos_2.52.42393.0_language-sr-cyrl.appx" Offset="31087243" Size="70415">
			<Resources>
				<Resource Language="sr-cyrl-rs"/>
			</Resources>
			<b4:Dependencies>
				<b4:TargetDeviceFamily Name="Windows.Universal" MinVersion="10.0.16299.0" MaxVersionTested="10.0.19400.0"/>
			</b4:Dependencies>
		</Package>
		<Package Type="resource" Version="2.52.42393.0" ResourceId="split.language-sr-latn" FileName="Todos_2.52.42393.0_language-sr-latn.appx" Offset="31157752" Size="63113">
			<Resources>
				<Resource Language="sr-latn-rs"/>
			</Resources>
			<b4:Dependencies>
				<b4:TargetDeviceFamily Name="Windows.Universal" MinVersion="10.0.16299.0" MaxVersionTested="10.0.19400.0"/>
			</b4:Dependencies>
		</Package>
		<Package Type="resource" Version="2.52.42393.0" ResourceId="split.language-sv" FileName="Todos_2.52.42393.0_language-sv.appx" Offset="31220954" Size="60369">
			<Resources>
				<Resource Language="sv"/>
			</Resources>
			<b4:Dependencies>
				<b4:TargetDeviceFamily Name="Windows.Universal" MinVersion="10.0.16299.0" MaxVersionTested="10.0.19400.0"/>
			</b4:Dependencies>
		</Package>
		<Package Type="resource" Version="2.52.42393.0" ResourceId="split.language-sw" FileName="Todos_2.52.42393.0_language-sw.appx" Offset="31281412" Size="59892">
			<Resources>
				<Resource Language="sw"/>
			</Resources>
			<b4:Dependencies>
				<b4:TargetDeviceFamily Name="Windows.Universal" MinVersion="10.0.16299.0" MaxVersionTested="10.0.19400.0"/>
			</b4:Dependencies>
		</Package>
		<Package Type="resource" Version="2.52.42393.0" ResourceId="split.language-ta" FileName="Todos_2.52.42393.0_language-ta.appx" Offset="31341393" Size="70490">
			<Resources>
				<Resource Language="ta"/>
			</Resources>
			<b4:Dependencies>
				<b4:TargetDeviceFamily Name="Windows.Universal" MinVersion="10.0.16299.0" MaxVersionTested="10.0.19400.0"/>
			</b4:Dependencies>
		</Package>
		<Package Type="resource" Version="2.52.42393.0" ResourceId="split.language-te" FileName="Todos_2.52.42393.0_language-te.appx" Offset="31411972" Size="69627">
			<Resources>
				<Resource Language="te"/>
			</Resources>
			<b4:Dependencies>
				<b4:TargetDeviceFamily Name="Windows.Universal" MinVersion="10.0.16299.0" MaxVersionTested="10.0.19400.0"/>
			</b4:Dependencies>
		</Package>
		<Package Type="resource" Version="2.52.42393.0" ResourceId="split.language-th" FileName="Todos_2.52.42393.0_language-th.appx" Offset="31481688" Size="64935">
			<Resources>
				<Resource Language="th"/>
			</Resources>
			<b4:Dependencies>
				<b4:TargetDeviceFamily Name="Windows.Universal" MinVersion="10.0.16299.0" MaxVersionTested="10.0.19400.0"/>
			</b4:Dependencies>
		</Package>
		<Package Type="resource" Version="2.52.42393.0" ResourceId="split.language-tr" FileName="Todos_2.52.42393.0_language-tr.appx" Offset="31546712" Size="62019">
			<Resources>
				<Resource Language="tr"/>
			</Resources>
			<b4:Dependencies>
				<b4:TargetDeviceFamily Name="Windows.Universal" MinVersion="10.0.16299.0" MaxVersionTested="10.0.19400.0"/>
			</b4:Dependencies>
		</Package>
		<Package Type="resource" Version="2.52.42393.0" ResourceId="split.language-uk" FileName="Todos_2.52.42393.0_language-uk.appx" Offset="31608820" Size="71422">
			<Resources>
				<Resource Language="uk"/>
				<Resource Language="uk-ua"/>
			</Resources>
			<b4:Dependencies>
				<b4:TargetDeviceFamily Name="Windows.Universal" MinVersion="10.0.16299.0" MaxVersionTested="10.0.19400.0"/>
			</b4:Dependencies>
		</Package>
		<Package Type="resource" Version="2.52.42393.0" ResourceId="split.language-uz-latn" FileName="Todos_2.52.42393.0_language-uz-latn.appx" Offset="31680336" Size="63084">
			<Resources>
				<Resource Language="uz-latn-uz"/>
			</Resources>
			<b4:Dependencies>
				<b4:TargetDeviceFamily Name="Windows.Universal" MinVersion="10.0.16299.0" MaxVersionTested="10.0.19400.0"/>
			</b4:Dependencies>
		</Package>
		<Package Type="resource" Version="2.52.42393.0" ResourceId="split.language-vi" FileName="Todos_2.52.42393.0_language-vi.appx" Offset="31743509" Size="62159">
			<Resources>
				<Resource Language="vi"/>
			</Resources>
			<b4:Dependencies>
				<b4:TargetDeviceFamily Name="Windows.Universal" MinVersion="10.0.16299.0" MaxVersionTested="10.0.19400.0"/>
			</b4:Dependencies>
		</Package>
		<Package Type="resource" Version="2.52.42393.0" ResourceId="split.language-zh-hans" FileName="Todos_2.52.42393.0_language-zh-hans.appx" Offset="31805762" Size="56545">
			<Resources>
				<Resource Language="zh-cn"/>
				<Resource Language="zh-hans"/>
			</Resources>
			<b4:Dependencies>
				<b4:TargetDeviceFamily Name="Windows.Universal" MinVersion="10.0.16299.0" MaxVersionTested="10.0.19400.0"/>
			</b4:Dependencies>
		</Package>
		<Package Type="resource" Version="2.52.42393.0" ResourceId="split.language-zh-hant" FileName="Todos_2.52.42393.0_language-zh-hant.appx" Offset="31862401" Size="57566">
			<Resources>
				<Resource Language="zh-hant"/>
				<Resource Language="zh-tw"/>
			</Resources>
			<b4:Dependencies>
				<b4:TargetDeviceFamily Name="Windows.Universal" MinVersion="10.0.16299.0" MaxVersionTested="10.0.19400.0"/>
			</b4:Dependencies>
		</Package>
		<Package Type="resource" Version="2.52.42393.0" ResourceId="split.scale-100" FileName="Todos_2.52.42393.0_scale-100.appx" Offset="31920054" Size="160875">
			<Resources>
				<Resource Scale="100"/>
			</Resources>
			<b4:Dependencies>
				<b4:TargetDeviceFamily Name="Windows.Universal" MinVersion="10.0.16299.0" MaxVersionTested="10.0.19400.0"/>
			</b4:Dependencies>
		</Package>
		<Package Type="resource" Version="2.52.42393.0" ResourceId="split.scale-125" FileName="Todos_2.52.42393.0_scale-125.appx" Offset="32081016" Size="107994">
			<Resources>
				<Resource Scale="125"/>
			</Resources>
			<b4:Dependencies>
				<b4:TargetDeviceFamily Name="Windows.Universal" MinVersion="10.0.16299.0" MaxVersionTested="10.0.19400.0"/>
			</b4:Dependencies>
		</Package>
		<Package Type="resource" Version="2.52.42393.0" ResourceId="split.scale-150" FileName="Todos_2.52.42393.0_scale-150.appx" Offset="32189097" Size="122802">
			<Resources>
				<Resource Scale="150"/>
			</Resources>
			<b4:Dependencies>
				<b4:TargetDeviceFamily Name="Windows.Universal" MinVersion="10.0.16299.0" MaxVersionTested="10.0.19400.0"/>
			</b4:Dependencies>
		</Package>
		<Package Type="resource" Version="2.52.42393.0" ResourceId="split.scale-400" FileName="Todos_2.52.42393.0_scale-400.appx" Offset="32311986" Size="694782">
			<Resources>
				<Resource Scale="400"/>
			</Resources>
			<b4:Dependencies>
				<b4:TargetDeviceFamily Name="Windows.Universal" MinVersion="10.0.16299.0" MaxVersionTested="10.0.19400.0"/>
			</b4:Dependencies>
		</Package>
	</Packages>
</Bundle>
